Periode,Produk,Kategori,Harga,Stok,Terjual
Januari 2025,DVR 3 Inch,Aksesoris Mobil,2153000,46,32
Januari 2025,DVR AI,Aksesoris Mobil,3255000,35,30
Januari 2025,DVR Quatro,Aksesoris Mobil,3750000,21,16
Januari 2025,Wireless Charger,Aksesoris Mobil,571000,82,73
Januari 2025,Electric Footstep,Aksesoris Mobil,8564000,12,7
Januari 2025,Head Unit Quantum Pro,Multimedia,2781000,26,21
Januari 2025,Head Unit Eclipse Pro,Multimedia,8672000,14,9
Januari 2025,Head Unit Gaming Series,Multimedia,8105000,15,10
Januari 2025,Head Unit Tesla Style,Multimedia,11272000,10,5
Januari 2025,Speaker Coaxial,Audio,367000,72,57
Januari 2025,Subwoofer,Audio,1342000,28,23
Januari 2025,Power Amplifier,Audio,781000,34,28
Januari 2025,DSP Processor,Audio,1560000,20,15
Januari 2025,GPS Antenna,Navigasi,122000,58,47
Januari 2025,Navigation Head Unit,Navigasi,1026000,23,18
Januari 2025,GPS Tracker,GPS Tracking,2183000,24,19
Februari 2025,DVR 3 Inch,Aksesoris Mobil,2121000,47,38
Februari 2025,DVR AI,Aksesoris Mobil,3274000,36,27
Februari 2025,DVR Quatro,Aksesoris Mobil,3771000,24,19
Februari 2025,Wireless Charger,Aksesoris Mobil,584000,66,56
Februari 2025,Electric Footstep,Aksesoris Mobil,8522000,13,8
Februari 2025,Head Unit Quantum Pro,Multimedia,2745000,24,19
Februari 2025,Head Unit Eclipse Pro,Multimedia,8621000,15,10
Februari 2025,Head Unit Gaming Series,Multimedia,7876000,14,9
Februari 2025,Head Unit Tesla Style,Multimedia,10994000,9,4
Februari 2025,Speaker Coaxial,Audio,380000,74,58
Februari 2025,Subwoofer,Audio,1386000,38,27
Februari 2025,Power Amplifier,Audio,790000,39,27
Februari 2025,DSP Processor,Audio,1602000,17,12
Februari 2025,GPS Antenna,Navigasi,119000,71,53
Februari 2025,Navigation Head Unit,Navigasi,1001000,25,18
Februari 2025,GPS Tracker,GPS Tracking,2272000,20,15
Maret 2025,DVR 3 Inch,Aksesoris Mobil,2134000,48,43
Maret 2025,DVR AI,Aksesoris Mobil,3222000,29,24
Maret 2025,DVR Quatro,Aksesoris Mobil,3908000,35,25
Maret 2025,Wireless Charger,Aksesoris Mobil,586000,85,74
Maret 2025,Electric Footstep,Aksesoris Mobil,8618000,13,8
Maret 2025,Head Unit Quantum Pro,Multimedia,2792000,32,27
Maret 2025,Head Unit Eclipse Pro,Multimedia,8854000,16,11
Maret 2025,Head Unit Gaming Series,Multimedia,7970000,16,11
Maret 2025,Head Unit Tesla Style,Multimedia,11374000,11,6
Maret 2025,Speaker Coaxial,Audio,381000,88,64
Maret 2025,Subwoofer,Audio,1336000,41,36
Maret 2025,Power Amplifier,Audio,791000,36,31
Maret 2025,DSP Processor,Audio,1613000,23,17
Maret 2025,GPS Antenna,Navigasi,119000,78,64
Maret 2025,Navigation Head Unit,Navigasi,1018000,35,24
Maret 2025,GPS Tracker,GPS Tracking,2269000,29,21
April 2025,DVR 3 Inch,Aksesoris Mobil,2156000,49,44
April 2025,DVR AI,Aksesoris Mobil,3243000,34,29
April 2025,DVR Quatro,Aksesoris Mobil,3765000,31,25
April 2025,Wireless Charger,Aksesoris Mobil,571000,109,85
April 2025,Electric Footstep,Aksesoris Mobil,8350000,15,10
April 2025,Head Unit Quantum Pro,Multimedia,2766000,33,27
April 2025,Head Unit Eclipse Pro,Multimedia,8541000,16,11
April 2025,Head Unit Gaming Series,Multimedia,7939000,17,12
April 2025,Head Unit Tesla Style,Multimedia,11134000,10,5
April 2025,Speaker Coaxial,Audio,388000,86,66
April 2025,Subwoofer,Audio,1334000,52,39
April 2025,Power Amplifier,Audio,795000,44,38
April 2025,DSP Processor,Audio,1664000,21,16
April 2025,GPS Antenna,Navigasi,124000,83,71
April 2025,Navigation Head Unit,Navigasi,996000,30,23
April 2025,GPS Tracker,GPS Tracking,2148000,25,20
Mei 2025,DVR 3 Inch,Aksesoris Mobil,2164000,53,40
Mei 2025,DVR AI,Aksesoris Mobil,3340000,31,26
Mei 2025,DVR Quatro,Aksesoris Mobil,3827000,29,24
Mei 2025,Wireless Charger,Aksesoris Mobil,604000,92,77
Mei 2025,Electric Footstep,Aksesoris Mobil,8603000,15,10
Mei 2025,Head Unit Quantum Pro,Multimedia,2737000,37,27
Mei 2025,Head Unit Eclipse Pro,Multimedia,8469000,17,12
Mei 2025,Head Unit Gaming Series,Multimedia,8139000,16,11
Mei 2025,Head Unit Tesla Style,Multimedia,11333000,11,6
Mei 2025,Speaker Coaxial,Audio,377000,88,72
Mei 2025,Subwoofer,Audio,1364000,48,34
Mei 2025,Power Amplifier,Audio,771000,38,33
Mei 2025,DSP Processor,Audio,1598000,21,16
Mei 2025,GPS Antenna,Navigasi,121000,89,62
Mei 2025,Navigation Head Unit,Navigasi,1007000,31,22
Mei 2025,GPS Tracker,GPS Tracking,2280000,24,19
Juni 2025,DVR 3 Inch,Aksesoris Mobil,2135000,45,40
Juni 2025,DVR AI,Aksesoris Mobil,3316000,32,27
Juni 2025,DVR Quatro,Aksesoris Mobil,3864000,31,22
Juni 2025,Wireless Charger,Aksesoris Mobil,585000,117,81
Juni 2025,Electric Footstep,Aksesoris Mobil,8653000,14,9
Juni 2025,Head Unit Quantum Pro,Multimedia,2742000,42,30
Juni 2025,Head Unit Eclipse Pro,Multimedia,8703000,16,11
Juni 2025,Head Unit Gaming Series,Multimedia,8315000,14,9
Juni 2025,Head Unit Tesla Style,Multimedia,11344000,10,5
Juni 2025,Speaker Coaxial,Audio,379000,91,72
Juni 2025,Subwoofer,Audio,1374000,49,34
Juni 2025,Power Amplifier,Audio,799000,40,31
Juni 2025,DSP Processor,Audio,1621000,23,16
Juni 2025,GPS Antenna,Navigasi,126000,84,62
Juni 2025,Navigation Head Unit,Navigasi,993000,33,24
Juni 2025,GPS Tracker,GPS Tracking,2244000,29,21
Juli 2025,DVR 3 Inch,Aksesoris Mobil,2134000,50,36
Juli 2025,DVR AI,Aksesoris Mobil,3363000,31,24
Juli 2025,DVR Quatro,Aksesoris Mobil,3869000,26,19
Juli 2025,Wireless Charger,Aksesoris Mobil,581000,77,67
Juli 2025,Electric Footstep,Aksesoris Mobil,8403000,14,9
Juli 2025,Head Unit Quantum Pro,Multimedia,2742000,28,23
Juli 2025,Head Unit Eclipse Pro,Multimedia,8573000,14,9
Juli 2025,Head Unit Gaming Series,Multimedia,8363000,17,12
Juli 2025,Head Unit Tesla Style,Multimedia,11347000,10,5
Juli 2025,Speaker Coaxial,Audio,389000,75,61
Juli 2025,Subwoofer,Audio,1421000,36,29
Juli 2025,Power Amplifier,Audio,782000,43,30
Juli 2025,DSP Processor,Audio,1599000,20,15
Juli 2025,GPS Antenna,Navigasi,119000,68,55
Juli 2025,Navigation Head Unit,Navigasi,1014000,23,18
Juli 2025,GPS Tracker,GPS Tracking,2251000,22,17
Agustus 2025,DVR 3 Inch,Aksesoris Mobil,2134000,46,35
Agustus 2025,DVR AI,Aksesoris Mobil,3330000,30,25
Agustus 2025,DVR Quatro,Aksesoris Mobil,3889000,25,19
Agustus 2025,Wireless Charger,Aksesoris Mobil,580000,85,60
Agustus 2025,Electric Footstep,Aksesoris Mobil,8704000,13,8
Agustus 2025,Head Unit Quantum Pro,Multimedia,2774000,27,21
Agustus 2025,Head Unit Eclipse Pro,Multimedia,8893000,13,8
Agustus 2025,Head Unit Gaming Series,Multimedia,8175000,14,9
Agustus 2025,Head Unit Tesla Style,Multimedia,11068000,10,5
Agustus 2025,Speaker Coaxial,Audio,388000,74,55
Agustus 2025,Subwoofer,Audio,1422000,33,26
Agustus 2025,Power Amplifier,Audio,770000,36,28
Agustus 2025,DSP Processor,Audio,1643000,19,14
Agustus 2025,GPS Antenna,Navigasi,122000,64,52
Agustus 2025,Navigation Head Unit,Navigasi,1038000,28,21
Agustus 2025,GPS Tracker,GPS Tracking,2257000,24,19
September 2025,DVR 3 Inch,Aksesoris Mobil,2170000,47,38
September 2025,DVR AI,Aksesoris Mobil,3266000,34,26
September 2025,DVR Quatro,Aksesoris Mobil,3877000,33,24
September 2025,Wireless Charger,Aksesoris Mobil,596000,97,67
September 2025,Electric Footstep,Aksesoris Mobil,8770000,12,7
September 2025,Head Unit Quantum Pro,Multimedia,2848000,30,24
September 2025,Head Unit Eclipse Pro,Multimedia,8999000,15,10
September 2025,Head Unit Gaming Series,Multimedia,8228000,14,9
September 2025,Head Unit Tesla Style,Multimedia,11340000,10,5
September 2025,Speaker Coaxial,Audio,391000,84,60
September 2025,Subwoofer,Audio,1375000,38,29
September 2025,Power Amplifier,Audio,827000,39,29
September 2025,DSP Processor,Audio,1650000,21,16
September 2025,GPS Antenna,Navigasi,122000,68,53
September 2025,Navigation Head Unit,Navigasi,1053000,24,19
September 2025,GPS Tracker,GPS Tracking,2285000,28,21
Oktober 2025,DVR 3 Inch,Aksesoris Mobil,2149000,48,34
Oktober 2025,DVR AI,Aksesoris Mobil,3315000,32,27
Oktober 2025,DVR Quatro,Aksesoris Mobil,3913000,22,17
Oktober 2025,Wireless Charger,Aksesoris Mobil,588000,101,76
Oktober 2025,Electric Footstep,Aksesoris Mobil,8659000,14,9
Oktober 2025,Head Unit Quantum Pro,Multimedia,2820000,29,24
Oktober 2025,Head Unit Eclipse Pro,Multimedia,8814000,16,11
Oktober 2025,Head Unit Gaming Series,Multimedia,8149000,16,11
Oktober 2025,Head Unit Tesla Style,Multimedia,11493000,11,6
Oktober 2025,Speaker Coaxial,Audio,391000,78,65
Oktober 2025,Subwoofer,Audio,1444000,34,29
Oktober 2025,Power Amplifier,Audio,808000,43,31
Oktober 2025,DSP Processor,Audio,1684000,17,12
Oktober 2025,GPS Antenna,Navigasi,126000,79,55
Oktober 2025,Navigation Head Unit,Navigasi,1034000,28,20
Oktober 2025,GPS Tracker,GPS Tracking,2275000,24,19
November 2025,DVR 3 Inch,Aksesoris Mobil,2174000,51,46
November 2025,DVR AI,Aksesoris Mobil,3267000,40,33
November 2025,DVR Quatro,Aksesoris Mobil,3942000,33,28
November 2025,Wireless Charger,Aksesoris Mobil,611000,128,90
November 2025,Electric Footstep,Aksesoris Mobil,8853000,15,10
November 2025,Head Unit Quantum Pro,Multimedia,2866000,36,31
November 2025,Head Unit Eclipse Pro,Multimedia,8786000,18,13
November 2025,Head Unit Gaming Series,Multimedia,8208000,19,14
November 2025,Head Unit Tesla Style,Multimedia,11624000,12,7
November 2025,Speaker Coaxial,Audio,384000,87,73
November 2025,Subwoofer,Audio,1392000,50,37
November 2025,Power Amplifier,Audio,796000,43,31
November 2025,DSP Processor,Audio,1628000,25,20
November 2025,GPS Antenna,Navigasi,125000,81,70
November 2025,Navigation Head Unit,Navigasi,1064000,26,21
November 2025,GPS Tracker,GPS Tracking,2300000,31,26
Desember 2025,DVR 3 Inch,Aksesoris Mobil,2150000,66,51
Desember 2025,DVR AI,Aksesoris Mobil,3400000,40,35
Desember 2025,DVR Quatro,Aksesoris Mobil,3864000,30,24
Desember 2025,Wireless Charger,Aksesoris Mobil,590000,109,80
Desember 2025,Electric Footstep,Aksesoris Mobil,8735000,15,10
Desember 2025,Head Unit Quantum Pro,Multimedia,2887000,37,30
Desember 2025,Head Unit Eclipse Pro,Multimedia,8878000,18,13
Desember 2025,Head Unit Gaming Series,Multimedia,8323000,20,15
Desember 2025,Head Unit Tesla Style,Multimedia,11712000,12,7
Desember 2025,Speaker Coaxial,Audio,393000,119,84
Desember 2025,Subwoofer,Audio,1389000,41,36
Desember 2025,Power Amplifier,Audio,816000,64,46
Desember 2025,DSP Processor,Audio,1645000,25,20
Desember 2025,GPS Antenna,Navigasi,125000,98,74
Desember 2025,Navigation Head Unit,Navigasi,1015000,39,28
Desember 2025,GPS Tracker,GPS Tracking,2283000,37,26
Januari 2026,DVR 3 Inch,Aksesoris Mobil,2227000,40,35
Januari 2026,DVR AI,Aksesoris Mobil,3512000,33,28
Januari 2026,DVR Quatro,Aksesoris Mobil,3964000,24,18
Januari 2026,Wireless Charger,Aksesoris Mobil,600000,100,69
Januari 2026,Electric Footstep,Aksesoris Mobil,9051000,13,8
Januari 2026,Head Unit Quantum Pro,Multimedia,2939000,26,20
Januari 2026,Head Unit Eclipse Pro,Multimedia,9134000,16,11
Januari 2026,Head Unit Gaming Series,Multimedia,8407000,17,12
Januari 2026,Head Unit Tesla Style,Multimedia,11542000,11,6
Januari 2026,Speaker Coaxial,Audio,396000,77,58
Januari 2026,Subwoofer,Audio,1418000,34,29
Januari 2026,Power Amplifier,Audio,828000,32,24
Januari 2026,DSP Processor,Audio,1709000,22,16
Januari 2026,GPS Antenna,Navigasi,128000,66,49
Januari 2026,Navigation Head Unit,Navigasi,1048000,32,23
Januari 2026,GPS Tracker,GPS Tracking,2269000,25,20
Februari 2026,DVR 3 Inch,Aksesoris Mobil,2228000,48,38
Februari 2026,DVR AI,Aksesoris Mobil,3379000,34,27
Februari 2026,DVR Quatro,Aksesoris Mobil,3834000,23,18
Februari 2026,Wireless Charger,Aksesoris Mobil,619000,104,79
Februari 2026,Electric Footstep,Aksesoris Mobil,8904000,15,10
Februari 2026,Head Unit Quantum Pro,Multimedia,2936000,31,25
Februari 2026,Head Unit Eclipse Pro,Multimedia,8919000,16,11
Februari 2026,Head Unit Gaming Series,Multimedia,8393000,17,12
Februari 2026,Head Unit Tesla Style,Multimedia,11682000,11,6
Februari 2026,Speaker Coaxial,Audio,385000,66,59
Februari 2026,Subwoofer,Audio,1437000,38,27
Februari 2026,Power Amplifier,Audio,825000,35,30
Februari 2026,DSP Processor,Audio,1650000,22,17
Februari 2026,GPS Antenna,Navigasi,126000,88,63
Februari 2026,Navigation Head Unit,Navigasi,1061000,24,19
Februari 2026,GPS Tracker,GPS Tracking,2348000,25,20
Maret 2026,DVR 3 Inch,Aksesoris Mobil,2225000,60,50
Maret 2026,DVR AI,Aksesoris Mobil,3493000,40,34
Maret 2026,DVR Quatro,Aksesoris Mobil,3981000,33,27
Maret 2026,Wireless Charger,Aksesoris Mobil,628000,102,91
Maret 2026,Electric Footstep,Aksesoris Mobil,9193000,16,11
Maret 2026,Head Unit Quantum Pro,Multimedia,2883000,41,30
Maret 2026,Head Unit Eclipse Pro,Multimedia,9348000,16,11
Maret 2026,Head Unit Gaming Series,Multimedia,8509000,17,12
Maret 2026,Head Unit Tesla Style,Multimedia,11570000,12,7
Maret 2026,Speaker Coaxial,Audio,404000,72,63
Maret 2026,Subwoofer,Audio,1432000,45,38
Maret 2026,Power Amplifier,Audio,806000,45,35
Maret 2026,DSP Processor,Audio,1691000,25,20
Maret 2026,GPS Antenna,Navigasi,129000,87,62
Maret 2026,Navigation Head Unit,Navigasi,1046000,28,20
Maret 2026,GPS Tracker,GPS Tracking,2253000,36,26
April 2026,DVR 3 Inch,Aksesoris Mobil,2205000,57,48
April 2026,DVR AI,Aksesoris Mobil,3410000,45,36
April 2026,DVR Quatro,Aksesoris Mobil,3991000,30,25
April 2026,Wireless Charger,Aksesoris Mobil,599000,115,88
April 2026,Electric Footstep,Aksesoris Mobil,9146000,17,12
April 2026,Head Unit Quantum Pro,Multimedia,2971000,43,33
April 2026,Head Unit Eclipse Pro,Multimedia,9035000,18,13
April 2026,Head Unit Gaming Series,Multimedia,8655000,22,16
April 2026,Head Unit Tesla Style,Multimedia,11577000,12,7
April 2026,Speaker Coaxial,Audio,388000,113,79
April 2026,Subwoofer,Audio,1391000,50,39
April 2026,Power Amplifier,Audio,808000,47,35
April 2026,DSP Processor,Audio,1686000,27,22
April 2026,GPS Antenna,Navigasi,123000,90,72
April 2026,Navigation Head Unit,Navigasi,1072000,31,26
April 2026,GPS Tracker,GPS Tracking,2302000,35,30
Mei 2026,DVR 3 Inch,Aksesoris Mobil,2260000,52,44
Mei 2026,DVR AI,Aksesoris Mobil,3370000,44,32
Mei 2026,DVR Quatro,Aksesoris Mobil,3854000,32,24
Mei 2026,Wireless Charger,Aksesoris Mobil,599000,111,89
Mei 2026,Electric Footstep,Aksesoris Mobil,9332000,15,10
Mei 2026,Head Unit Quantum Pro,Multimedia,2966000,34,29
Mei 2026,Head Unit Eclipse Pro,Multimedia,9013000,19,14
Mei 2026,Head Unit Gaming Series,Multimedia,8643000,18,13
Mei 2026,Head Unit Tesla Style,Multimedia,11601000,12,7
Mei 2026,Speaker Coaxial,Audio,402000,87,74
Mei 2026,Subwoofer,Audio,1471000,42,35
Mei 2026,Power Amplifier,Audio,834000,46,32
Mei 2026,DSP Processor,Audio,1707000,22,17
Mei 2026,GPS Antenna,Navigasi,126000,86,60
Mei 2026,Navigation Head Unit,Navigasi,1068000,34,26
Mei 2026,GPS Tracker,GPS Tracking,2259000,37,27
Juni 2026,DVR 3 Inch,Aksesoris Mobil,2218000,46,40
Juni 2026,DVR AI,Aksesoris Mobil,3503000,39,33
Juni 2026,DVR Quatro,Aksesoris Mobil,3974000,38,27
Juni 2026,Wireless Charger,Aksesoris Mobil,604000,128,93
Juni 2026,Electric Footstep,Aksesoris Mobil,9033000,15,10
Juni 2026,Head Unit Quantum Pro,Multimedia,2929000,42,32
Juni 2026,Head Unit Eclipse Pro,Multimedia,8976000,19,14
Juni 2026,Head Unit Gaming Series,Multimedia,8654000,19,14
Juni 2026,Head Unit Tesla Style,Multimedia,11725000,12,7
Juni 2026,Speaker Coaxial,Audio,408000,105,77
Juni 2026,Subwoofer,Audio,1459000,42,36
Juni 2026,Power Amplifier,Audio,802000,41,32
Juni 2026,DSP Processor,Audio,1699000,26,18
Juni 2026,GPS Antenna,Navigasi,128000,84,59
Juni 2026,Navigation Head Unit,Navigasi,1053000,30,23
Juni 2026,GPS Tracker,GPS Tracking,2301000,35,30
